question,answer,category,source
When was the article 'Living Up To Its Motto - Tudor's Black Bay P01' published?,It was published on 2019-03-24 21:53:16.,Article Metadata,Articles-Export-2025
Which countries carry the brand Jaeger-LeCoultre?,"Jaeger-LeCoultre is available in: Singapore, Australia, Malaysia.",Brand Availability,Brand-Export-2025
When was the article 'The Patek Philippe Grande Sonnerie 6301P' published?,It was published on 2020-11-20 00:08:38.,Article Metadata,Articles-Export-2025
What is the article 'IWC Schaffhausen's Unique Tribute To The Tribeca Film Institute' about?,"[caption id=""attachment_5750"" align=""aligncenter"" width=""300""] IWC Portofino Monopusher Edition ""Tribeca Film Festival 2015"" Unique Piece[/caption]
Swiss luxury watch manufacturer IWC Schaffhausen ce...",Article Summary,Articles-Export-2025
When was the article 'From the Cosmos to the Wrist: The Enduring Legacy of the Leap Year in Watchmaking' published?,It was published on 2024-02-28 08:56:15.,Article Metadata,Articles-Export-2025
When was the article 'Watches Of Switzerland Mid-Year Sale at VivoCity' published?,It was published on 2023-06-01 23:09:22.,Article Metadata,Articles-Export-2025
When was the article 'Patek Philippe Generations' published?,It was published on 2019-08-28 16:00:42.,Article Metadata,Articles-Export-2025
What is the article 'Hublot And Leathermaker Berluti Unveil The Unico Berluti Aluminio' about?,"Hublot and Berluti, 5 years of collaboration and a new limited edition run of 100 pieces: the two houses explore shades of grey in a unique creative exercise. 
Announced in 2016, the partnership betw...",Article Summary,Articles-Export-2025
What is the article 'Ulysse Nardin Makes a Splash at the Iconic Bondi Icebergs Pool' about?,"An unconventional place for unconventional watches. Ulysse Nardin celebrates its newest marvel, the Freak ONE, at Bondi Beach's iconic Icebergs Pool in Sydney.



&nbsp;

Ulysse Nardin made a mi...",Article Summary,Articles-Export-2025
What is the article 'How marine chronometers solved the Longitude Problem and led to Ulysse Nardin’s Marine Torpilleur' about?,"In the early period of the Age of Sail, determining one’s position at sea was difficult once a ship lost sight of land. Early transoceanic navigation relied on dead reckoning, which relied on calculat...",Article Summary,Articles-Export-2025
What is the article '#THGMalmaisonSalonSessions – It’s Complicated: Su Jia Xian' about?,"When did you first become interested in watches?
My first personal experience with watches was in 1997, when my mother wanted to buy me my first timepiece as a gift. It was a Tag Heuer - back then, t...",Article Summary,Articles-Export-2025
Is Ressence available in Singapore?,"Yes, Ressence is available in Singapore.",Brand Availability,Brand-Export-2025
When was the article 'Ulysse Nardin Baselworld 2015 Novelties Highlights' published?,It was published on 2015-04-02 02:54:57.,Article Metadata,Articles-Export-2025
When was the article 'Hublot Tôn Vinh Di Sản Việt Với Classic Fusion Titanium Phiên Bản Giới Hạn Dành Riêng Cho Việt Nam' published?,It was published on 2025-04-22 06:12:25.,Article Metadata,Articles-Export-2025
What is the article 'Harnessing the Sun with the SolarBeat Cartier Tank Must' about?,"Timeless, sure of itself and of the purity of its design, the Tank watch captures the zeitgeist in 2021. After more than a century, it has been reinvented with the Tank Must. Tank and Must, the fusion...",Article Summary,Articles-Export-2025
Which countries carry the brand Rolex?,"Rolex is available in: Singapore, Australia, New Zealand, Malaysia, Thailand, Vietnam, Japan.",Brand Availability,Brand-Export-2025
Which countries carry the brand L'Epee?,"L'Epee is available in: Singapore, Japan.",Brand Availability,Brand-Export-2025
When was the article 'What You Need to Know About GPHG 2022: Highlights of the Nominated Watches' published?,It was published on 2022-10-27 09:13:31.,Article Metadata,Articles-Export-2025
When was the article 'ARCHITECTURE REIMAGINED: MB&amp;F HM11 ART DECO' published?,It was published on 2025-11-20 07:15:00.,Article Metadata,Articles-Export-2025
When was the article 'PATEK PHILIPPE RARE HANDCRAFTS: THE PRECISION ART OF GUILLOCHÉ AND ENGRAVING' published?,It was published on 2025-11-28 05:53:32.,Article Metadata,Articles-Export-2025
When was the article 'Discover Drive De Cartier With Christopher Lee' published?,It was published on 2016-11-30 12:13:56.,Article Metadata,Articles-Export-2025
Which countries carry the brand Vacheron Constantin?,"Vacheron Constantin is available in: Watches of Switzerland, Japan, Vietnam, Thailand, Malaysia, New Zealand, Hong Kong, Australia, Singapore.",Brand Availability,Brand-Export-2025
When was the article 'SUSPENDED IN TIME: A COLLECTOR'S GUIDE TO THE MB&amp;F LEGACY MACHINES' published?,It was published on 2025-07-16 03:32:52.,Article Metadata,Articles-Export-2025
What is the article 'A Reflection on the GPHG in Australia' about?,"What would you think of if someone were to ask you, where in the world is the largest consumer base for luxury watches? If one were in the know, they might answer you with either China, the United Sta...",Article Summary,Articles-Export-2025
What is the phone number for New Zealand?,+64 9 303 2839,Boutique Contact,Boutique-Export-2025
When was the article 'Tudor's Black Bay Chrono in S&amp;G' published?,It was published on 2019-04-01 05:54:49.,Article Metadata,Articles-Export-2025
When was the article 'Cartier's Mystery Clocks' published?,It was published on 2019-10-08 04:22:05.,Article Metadata,Articles-Export-2025
When was the article 'The New Patek Philippe Aquanaut: Getting Advanced At Twenty With The Ref. 5650G!' published?,It was published on 2017-04-27 08:23:33.,Article Metadata,Articles-Export-2025
What is the article 'Panerai Sustainability Report' about?,"For a brand so closely aligned with the sea, it makes perfect sense that Officine Panerai should care about – and actively work towards – protecting Earth’s precious marine waters and surrounding envi...",Article Summary,Articles-Export-2025
What is the article 'Six Decades of Tudor Divers’ Watches' about?,"We’re pleased to announce the opening of the new Tudor boutique at ION Orchard. Styled in the brand’s colours ­– black, red and white – the Tudor boutique has been designed with unique materials to cr...",Article Summary,Articles-Export-2025
What is the article 'Hublot Proud To Be The Official Timekeeper Of The Inaugural Global Legend Series (GLS) Match In Bangkok' about?,"[caption id=""attachment_5080"" align=""alignleft"" width=""800""] Luis Figo, winner of 2000 Ballon d’Or&#x2122; and 2001 FIFA World Cup&#x2122; “Player of the Year” autographing for fans.[/caption]
Hublot...",Article Summary,Articles-Export-2025
When was the article 'Cartier Unveils Five Artful Interpretations' published?,It was published on 2025-04-02 14:04:53.,Article Metadata,Articles-Export-2025
What is the article 'Interview: Eneko Atxa on the Authenticity of Expression' about?,"Friend of Hublot since 2021, renowned Spanish chef Eneko Atxa transforms the simple act of eating into a gastronomical experience at his restaurants. He became one of the youngest chefs to be awarded ...",Article Summary,Articles-Export-2025
When was the article 'Seeing Double: Le Diptyque Louis Erard x Alain Silberstein' published?,It was published on 2022-05-09 07:46:09.,Article Metadata,Articles-Export-2025
When was the article 'A Visit to the Hublot Manufacture in Nyon' published?,It was published on 2018-10-29 12:30:58.,Article Metadata,Articles-Export-2025
Where is the Vietnam (Ho Chi Minh) boutique located?,"Times Square Building, Level 10, 22 - 36 Nguyen Hue, Saigon Ward, Ho Chi Minh City, Vietnam",Boutique Address,Boutique-Export-2025
When was the article 'Save the Date: ONLY WATCH Returns in 2023' published?,It was published on 2023-06-29 13:09:30.,Article Metadata,Articles-Export-2025
When was the article 'LVMH Watch Week 2025: Gérald Genta Unveils the Gentissima Oursin Fire Opal' published?,It was published on 2025-01-21 16:30:00.,Article Metadata,Articles-Export-2025
What is the article 'Akrivia AK-06' about?,"AkriviA’s first watch without a tourbillon. The AK-06 is reworked to focus purely on time-telling without complication, and to highlight its impressive 100-hour power reserve. 
[gallery link=""none"" s...",Article Summary,Articles-Export-2025
When was the article 'Hublot Big Bang Unico Red Magic Now Available In 42mm' published?,It was published on 2021-08-04 21:01:08.,Article Metadata,Articles-Export-2025
What is the article 'Get Bold with Girard-Perregaux Sea Hawk' about?,"[caption id=""attachment_3852"" align=""aligncenter"" width=""400""] The Sea Hawk is eqipped with Girard-Perregaux's in-house GP03300 self-winding mechanical movement[/caption]
The new Sea Hawk takes a bol...",Article Summary,Articles-Export-2025
When was the article 'Ulysse Nardin – Marine Chronometer Manufacture' published?,It was published on 2012-10-08 04:13:51.,Article Metadata,Articles-Export-2025
When was the article 'Two New Iterations of MB&amp;F HM9 ‘Sapphire Vision’' published?,It was published on 2023-08-24 11:00:46.,Article Metadata,Articles-Export-2025
What is the article 'TAG Heuer Motor Racing Pop-Up' about?,"TAG Heuer has recently kicked off the celebrations for 50 years of the iconic 'Monaco'. First released in 1969, the Monaco that most readily comes to mind for most of us these past few years has been ...",Article Summary,Articles-Export-2025
When was the article 'Panthère de Cartier in Los Angeles' published?,It was published on 2019-12-17 01:34:17.,Article Metadata,Articles-Export-2025
What is the article 'The Two Watch Jaeger-LeCoultre Collection' about?,"Jaeger-LeCoultre is a brand highly respected amongst enthusiasts for their extensive range of calibers and iconic designs. They are after all, known as being the watchmaker’s watchmaker. One would not...",Article Summary,Articles-Export-2025
When was the article 'Hublot &amp; Football: A Perfect Match' published?,It was published on 2015-11-09 15:35:47.,Article Metadata,Articles-Export-2025
When was the article 'Self-Regulating Revolution With The Urwerk EMC' published?,It was published on 2016-08-25 10:55:20.,Article Metadata,Articles-Export-2025
When was the article 'In Conversation with Russian Watchmaker Konstantin Chaykin' published?,It was published on 2024-08-26 07:58:16.,Article Metadata,Articles-Export-2025
What is the article 'De Bethune DB28 Digitale - A 21st-century take on the Art of Horology' about?,"[caption id=""attachment_3565"" align=""aligncenter"" width=""400"" caption=""Silver-toned dial adorned with hand-guilloché barleycorn motif""][/caption]

The DB28 Digitale, equipped with a mechanism powering...",Article Summary,Articles-Export-2025
What is the article 'Gérald Genta Heritage' about?,"The Gerald Genta Heritage Association have recently updated their website. Replete with tastefully shot photography of classic models designed by Génta, quotes and articles, it serves as an excellent ...",Article Summary,Articles-Export-2025
When was the article 'Hublot Loves Football- The Official Timekeeper and Official Watch for FIFA World Cup 2014' published?,It was published on 2014-05-07 01:59:32.,Article Metadata,Articles-Export-2025
What is the article 'The Rijksmuseum on Horological Conservation' about?,"Talking Watches with Suzanne van Leeuwen, Junior Curator and Conservator of Jewellery at the Rijksmuseum.

There is nothing quite like a sunny day in Amsterdam, and nothing quite like spending a swe...",Article Summary,Articles-Export-2025
What is the article 'F.P. Journe Launches the Rainbow élégante Gino’s Dream' about?,"F.P. Journe releases a new élégante watch, Gino’s Dream, in honour of the late friend and co-founder of Montres Journe SA. Discover the rest of our Watches &amp; Wonders 2024 coverage.
TRIBUTE TO SER...",Article Summary,Articles-Export-2025
When was the article 'Becoming Horological Art: My Transformational Experience' published?,It was published on 2018-06-16 09:17:53.,Article Metadata,Articles-Export-2025
What is the article 'MB&amp;F Breaks New Ground with the Legacy Machine Sequential Evo' about?,"MB&amp;F presents the 20th calibre in the new Legacy Machine Sequential EVO in atomic orange and coal black. And in typical MB&amp;F style, it’s not just any chronograph. The double column-wheel chron...",Article Summary,Articles-Export-2025
Where is the Pavilion Damansara Heights boutique located?,"Lot 2.45-2.46, Level 2, Pavilion Damansara Heights No. 3, Jalan Damanlela, 50490 Kuala Lumpur, Malaysia",Boutique Address,Boutique-Export-2025
What is the article 'NOMOS Glashütte x The Hour Glass (Commemorative Edition)' about?,The Hour Glass is thrilled to celebrate its 40th anniversary with the reveal of a recent collaboration with our friends at Nomos Glashütte: four new Tangente neomatik ‘Red Dot’ Commemorative Editions....,Article Summary,Articles-Export-2025
When was the article 'WARM ESSENTIALISM: THE RESSENCE TYPE 1 ROUND ROSE GOLD' published?,It was published on 2025-11-20 03:53:09.,Article Metadata,Articles-Export-2025
When was the article 'Zenith Exhibition at Ngee Ann City' published?,It was published on 2019-08-27 23:56:27.,Article Metadata,Articles-Export-2025
What is the article 'Discover the new Girard-Perregaux Casquette 2.0 at The Hour Glass' about?,"Girard-Perregaux welcomes back a 1970s icon in the new Casquette 2.0. Recognisable by its tubular LED display, the original quartz watch has been coveted by watch collectors and style conscious wearer...",Article Summary,Articles-Export-2025
What is the article 'In Brief: IWC Da Vinci Collection' about?,"From its inception over half a century ago, the IWC Da Vinci collection has evolved through dozens of styles and versions. It is associated with some notable innovations and milestones for the brand. ...",Article Summary,Articles-Export-2025
When was the article 'Rolex and SailGP' published?,It was published on 2023-10-09 07:07:40.,Article Metadata,Articles-Export-2025
When was the article 'Sinn x The Hour Glass (Commemorative Edition)' published?,It was published on 2019-10-31 06:41:21.,Article Metadata,Articles-Export-2025
What is the article 'Tudor Baselworld 2019 Recap' about?,"Looking Back On 4 Baselworld Hits
The biggest watch show of the year has kicked off with Baselworld 2019, bringing an end to months of anticipatory hand wringing about what the new releases will brin...",Article Summary,Articles-Export-2025
When was the article 'How marine chronometers solved the Longitude Problem and led to Ulysse Nardin’s Marine Torpilleur' published?,It was published on 2017-07-01 19:53:21.,Article Metadata,Articles-Export-2025
What is the article 'The Patek Philippe Grand Complications' about?,"It is without a doubt that, as excellent as Patek Philippe is throughout their wonderfully diverse collections, it is with the Grand Complications, as seemingly esoteric as they may be – especially at...",Article Summary,Articles-Export-2025
When was the article 'MB&amp;F Launches the Legacy Machine N°2 in Palladium' published?,It was published on 2023-02-14 11:07:18.,Article Metadata,Articles-Export-2025
When was the article 'MusicMachine 3 Reuge by MB&amp;F' published?,It was published on 2015-07-16 08:13:27.,Article Metadata,Articles-Export-2025
What is the article 'Samuel Ross Visits Hublot' about?,"Location: Hublot Manufacture Nyon, Switzerland

ACW*

Samuel Ross, prominent fashion designer, former protégé of Virgil Abloh and winner of the 2019 Hublot Design Prize stopped by the Hublot Manuf...",Article Summary,Articles-Export-2025
What is the article 'Unveiling the Tudor Black Bay Chrono Dark' about?,"To celebrate the All Blacks legacy and mark the Rugby World Cup 2019 (RWC) as the team will defend its back-to-back champions title, Tudor is launching the Black Bay Chrono Dark.



The Black Bay ...",Article Summary,Articles-Export-2025
When was the article 'Hands-on with the Girard-Perregaux Laureato Chronograph' published?,It was published on 2018-07-27 00:33:44.,Article Metadata,Articles-Export-2025
"When was the article 'Presenting: Louis Erard Excellence ""Long-Awaited Email Grand Feu""' published?",It was published on 2023-03-16 04:05:25.,Article Metadata,Articles-Export-2025
"When was the article 'Ready, Set, Go: New Colours for TAG Heuer Formula 1 Chronograph' published?",It was published on 2022-09-21 06:26:46.,Article Metadata,Articles-Export-2025
Where is the Adelaide boutique located?,"Shop G02B, Adelaide Central Plaza 100 Rundle Mall, Adelaide SA5000 Australia",Boutique Address,Boutique-Export-2025
"What is the article 'Hublot Wins The Red Dot Award, Product Design: Best Of The Best 2017' about?","Hublot’s Big Bang MECA-10 Magic Gold watch has won first prize: “Best of the Best” at the Red Dot Award. 
After having examined the 5,500 creations of participants from 54 different countries, a jury...",Article Summary,Articles-Export-2025
What is the article 'Event Recap - Hublot Baselworld Preview Dinner in Melbourne' about?,"Art of Fusion
Earlier in the week we talked about Hublot’s endless ability to bring together disparate groups of people in celebration of their love for football, music or even tattoos. Hublot’s way ...",Article Summary,Articles-Export-2025
What is the article 'Audemars Piguet Introduces the Royal Oak 15500' about?,"The new Audemars Piguet Royal Oak Selfwinding Ref.15500 is an update to its 7-year-old predecessor, the 15400 - one of the cornerstones of the Audemars Piguet collection.

The 15500 possesses some n...",Article Summary,Articles-Export-2025
When was the article 'Crafting Precision with the TUDOR Pelagos FXD GMT' published?,It was published on 2024-11-05 02:58:00.,Article Metadata,Articles-Export-2025
What is the article 'Cartier's Philanthropic Pursuits' about?,"For many years, Cartier has been making great strides across a number of causes. In fact, the maison has truly raised the philanthropic bar, namely through Cartier Philanthropy – an independent charit...",Article Summary,Articles-Export-2025
When was the article 'TAG Heuer Kicks Off Monaco Celebrations' published?,It was published on 2019-06-04 05:30:37.,Article Metadata,Articles-Export-2025
What is the article 'Urwerk x The Hour Glass (Commemorative Edition)' about?,"24 July 2019, Singapore- URWERK’s gratitude to The Hour Glass takes the form of an original watchmaking creation, unveiled today. The watchmaker’s tribute to its Singapore partner for 15 years is a se...",Article Summary,Articles-Export-2025
When was the article 'The EVO-lution: MB&amp;F Launches the New Legacy Machine Split Escapement EVO' published?,It was published on 2022-08-29 10:03:42.,Article Metadata,Articles-Export-2025
What is the article 'Explaining Constant Force In Mechanical Watches' about?,"One of the main obstacles in reliable mechanical timekeeping is the unstable delivery of power to the movement’s regulator (meaning the escapement). When the main spring is fully wound, the power tran...",Article Summary,Articles-Export-2025
What is the article 'Photo Tour of Rexhep Rexhepi's AkriviA Workshop' about?,"At the Bench
During both SIHH and the week following Baselworld we had the chance to stop by the AkriviA workshop in Geneva's Old Town. The very place where Rexhep Rexhepi's GPHG-winning Chronomètre ...",Article Summary,Articles-Export-2025
When was the article 'MB&amp;F x REUGE MusicMachine 1 Reloaded' published?,It was published on 2022-05-05 02:18:42.,Article Metadata,Articles-Export-2025
Where is the Pavilion KL boutique located?,"Lot 3.47.00, Level 3 168 Jalan Bukit Bintang 55100 Kuala Lumpur Wilayah Persekutuan Malaysia",Boutique Address,Boutique-Export-2025
When was the article 'Bulgari Merges Swiss Craftsmanship with Italian Design' published?,It was published on 2024-08-26 10:26:49.,Article Metadata,Articles-Export-2025
When was the article 'Elizabeth Tower &amp; the Palace of Westminster' published?,It was published on 2020-03-18 11:22:30.,Article Metadata,Articles-Export-2025
Is Ulysse Nardin available in Australia?,"Yes, Ulysse Nardin is available in Australia.",Brand Availability,Brand-Export-2025
What is the article 'Patek Philippe Only Watch Auction 2015' about?,"[caption id=""attachment_50043"" align=""alignleft"" width=""800""] Patek Philippe Only Watch 2015 Ref 5016A-010. (Credit:Time and Watches)[/caption]
One of the great classics of the Patek Philippe wrist G...",Article Summary,Articles-Export-2025
What is the article 'Ikepod - The Making of The Hourglass' about?,"Marc Newson's latest creation for Ikepod sees the Australian designer interpret the most iconic timepiece of all: The Hourglass.

View this video on the designer's modern take of the classic hourglass...",Article Summary,Articles-Export-2025
When was the article 'Hublot Baselworld Novelties 2019' published?,It was published on 2019-04-02 01:58:32.,Article Metadata,Articles-Export-2025
What is the article 'Tudor's Long History of Women's Watches' about?,"Tudor has been a leader in the production of both men’s and ladies’ watches since the beginning. Although the brand was not officially established until 1946, its origins trace back two decades prior....",Article Summary,Articles-Export-2025
What is the article 'A Guide To De Bethune In-House Regulators' about?,"In the world of watchmaking, the term “in-house movement” defines a calibre that is entirely designed and manufactured internally. Almost entirely that is, because in most cases the regulating organ i...",Article Summary,Articles-Export-2025
When was the article 'Santos de Cartier: The Elegant Adventurer' published?,It was published on 2023-06-15 01:27:48.,Article Metadata,Articles-Export-2025
What is the phone number for Gurney Plaza?,+60 4 226 2350,Boutique Contact,Boutique-Export-2025
When was the article 'TUDOR OPENS ITS DOORS AT ION ORCHARD' published?,It was published on 2025-08-20 03:08:50.,Article Metadata,Articles-Export-2025
What is the article 'Patek Philippe Calatrava Haute Joaillerie Ref. 4899/901G' about?,"The Calatrava is one of the defining models of the Patek Philippe brand. They released the first men’s model in 1932 and the first ladies’ model several decades later. Like many ladies’ models, the la...",Article Summary,Articles-Export-2025
When was the article 'MB&amp;F Horological Machines - A Thematic Evolution: Space and Origins' published?,It was published on 2020-05-12 02:12:17.,Article Metadata,Articles-Export-2025


--- CHUNK 2 (Rows 101-200) ---
When was the article 'Why Breguet's Marine Collection Deserves a Closer Look' published?,It was published on 2019-04-13 06:15:28.,Article Metadata,Articles-Export-2025
When was the article 'Explaining The MB&amp;F Legacy Machine Split Escapement' published?,It was published on 2017-10-26 02:03:00.,Article Metadata,Articles-Export-2025
When was the article 'TAG Heuer's History In Motor Racing And The (Re)birth Of The Autavia' published?,It was published on 2017-04-27 08:03:25.,Article Metadata,Articles-Export-2025
What is the article 'Sarpaneva Presents Näkki Blue Moon for The Hour Glass' about?,"The latest opus by the Finnish watchmaker retells a Scandinavian folk legend in brilliant technicolour using Super-LumiNova. This special edition for The Hour Glass is limited to 30 pieces only.


...",Article Summary,Articles-Export-2025
What is the article 'MB&F & Bulgari Unveil The Legacy Machine FlyingT Allegra' about?,The story of the collaboration between Bulgari and MB&amp;F is first and foremost that of an encounter – initially motivated by mutual professional respect and subsequently evolving into a strong frie...,Article Summary,Articles-Export-2025
When was the article 'Hublot MP-09 Tourbillon Bi-Axis 3D Carbon' published?,It was published on 2021-07-12 11:07:57.,Article Metadata,Articles-Export-2025
When was the article 'The Patek Philippe Aquanaut' published?,It was published on 2019-08-31 10:56:32.,Article Metadata,Articles-Export-2025
"When was the article 'Camouflage, Jazz and the Spirit of America: The Hamilton Collections' published?",It was published on 2018-12-01 01:21:55.,Article Metadata,Articles-Export-2025
When was the article 'New Centigraphe Sport &amp; Octa Sport' published?,It was published on 2018-10-27 01:34:08.,Article Metadata,Articles-Export-2025
When was the article 'Hublot Novelties from Watches and Wonders 2022' published?,It was published on 2022-04-14 06:21:08.,Article Metadata,Articles-Export-2025
When was the article 'Hublot Proudly Presents The Spirit Of Big Bang Celebrating 75 Years Of Bruce Lee's Spirit' published?,It was published on 2015-12-01 16:40:26.,Article Metadata,Articles-Export-2025
What is the article 'Hublot's First Stand-Alone Boutique In Singapore Is Now Refreshed With A New Contemporary Look' about?,"A new urbanised frontage of Hublot’s boutique at Singapore’s Premiere Luxury Mall and Integrated Resorts, Marina Bay Sands marks Hublot’s esteem to Singapore as one of their most important retail mark...",Article Summary,Articles-Export-2025
When was the article 'Hublot Classic Fusion Only Watch Britto' published?,It was published on 2015-08-03 12:36:08.,Article Metadata,Articles-Export-2025
When was the article 'Re-appreciating Horology: A (Half) Day As A Watchmaker' published?,It was published on 2018-10-01 07:40:04.,Article Metadata,Articles-Export-2025
What is the article 'Hublot Watches &amp; How To Wear Them' about?,"Location: Sydney CBD

Towards the end of 2019, we pulled together a few of our favourite Hublot's, hit the streets of Sydney and shot mechanical watches on analog film. In our first of 3 Hublot Styl...",Article Summary,Articles-Export-2025
When was the article 'The Patek Philippe Nautilus' published?,It was published on 2019-08-24 10:41:44.,Article Metadata,Articles-Export-2025
When was the article 'Hublot MP-10 Tourbillon Wins Red Dot Product Design Award' published?,It was published on 2024-07-05 04:33:16.,Article Metadata,Articles-Export-2025
When was the article 'URWERK Goes Back to the Future with the UR-102 “Reloaded”' published?,It was published on 2023-03-22 13:13:04.,Article Metadata,Articles-Export-2025
"When was the article 'Omega Limited Edition Speedy Tuesday ""Ultraman"" fully allocated within 2 hours' published?",It was published on 2018-07-11 11:52:17.,Article Metadata,Articles-Export-2025
What is the article 'Understanding 100 Years Of The Cartier Tank In Five Tank Watches' about?,"The Tank wristwatch marks it 100th birthday this year, and fortunately for all of us, Cartier has just debuted a range of Tank timepieces to mark the centenary of probably the only watch inspired by a...",Article Summary,Articles-Export-2025
What is the phone number for Jewel Changi Airport?,+65 6320 0727,Boutique Contact,Boutique-Export-2025
When was the article 'Ulysse Nardin Diver NET Vendée Globe: Ocean-Conscious Design' published?,It was published on 2024-11-08 09:37:00.,Article Metadata,Articles-Export-2025
When was the article 'Only Watch 2023: The Artisanal Offerings That Have Caught Our Eye - Part 2' published?,It was published on 2023-07-14 05:43:24.,Article Metadata,Articles-Export-2025
When was the article 'GPHG 2024 Exhibition in Vietnam: Celebrating Watchmaking Artistry' published?,It was published on 2024-10-28 11:00:00.,Article Metadata,Articles-Export-2025
When was the article 'Patek Philippe Unveils Ref. 5330G-001 World Time Date Watch' published?,It was published on 2024-04-10 03:36:25.,Article Metadata,Articles-Export-2025
When was the article 'Celebrating 40 Years Of Advancing Watch Culture' published?,It was published on 2019-06-14 03:58:44.,Article Metadata,Articles-Export-2025
When was the article 'Silver Spitfire Launch Day at Goodwood Aerodrome' published?,It was published on 2019-08-06 02:07:29.,Article Metadata,Articles-Export-2025
What is the article 'Patek Philippe Twenty~4: Designed for the Modern Woman' about?,"First introduced in 1999, Patek Philippe’s Twenty~4 collection is suitable for any occasion, from formal events to casual outings. We revisit the contemporary icon from Patek Philippe especially creat...",Article Summary,Articles-Export-2025
When was the article 'Takashi Murakami: Why he decided to work with Hublot' published?,It was published on 2023-12-05 04:47:50.,Article Metadata,Articles-Export-2025
When was the article 'Sinn’s Latest Watches Have Function at the Fore' published?,It was published on 2023-02-27 06:05:58.,Article Metadata,Articles-Export-2025
What is the article 'Revisiting the Tudor Fifty-Eight' about?,"Ticking All the Boxes
Chronographs, dress watches, field watches and pilot watches are some of the most popular types. However, nothing is more endearing to me than a dive watch that has distinguishe...",Article Summary,Articles-Export-2025
What is the phone number for 127 Dong Khoi?,+84 28 3535 5745,Boutique Contact,Boutique-Export-2025
What is the article '#THGMalmaisonSalonSessions – One to Watch: Yoyo Cao' about?,"Jetset fashionista Yoyo Cao sticks to time-honored classics with a bespoke touch.
Yoyo Cao resting in Malmaison’s VIP room, wearing a Hublot Classic Fusion.
&nbsp;

What are some of your earliest memo...",Article Summary,Articles-Export-2025
When was the article 'A Unique F.P.Journe Chronomètre Optimum for Ball in Monaco 2022' published?,It was published on 2022-10-17 03:19:58.,Article Metadata,Articles-Export-2025
When was the article 'Krayon Anyday: A New Perspective on Time' published?,It was published on 2025-03-14 07:30:10.,Article Metadata,Articles-Export-2025
When was the article 'The UR-210: Man And Machine Become One' published?,It was published on 2012-10-22 02:33:27.,Article Metadata,Articles-Export-2025
When was the article 'Measuring The Time Between The Seconds' published?,It was published on 2018-11-07 05:12:34.,Article Metadata,Articles-Export-2025
What is the article 'Sarpaneva x Moomin Limited Edition' about?,"Sarpaneva Watches celebrates Moomins, the central characters in a series of books and a comic strip by Swedish-Finn illustrator and writer Tove Jansson.
This handcrafted steel wristwatch features thr...",Article Summary,Articles-Export-2025
What is the article 'Presenting the Rexhep Rexhepi Chronomètre Contemporain II' about?,"As AKRIVIA approaches its 10th anniversary, founder Rexhep Rexhepi releases a new Chronomètre Contemporain. The new RRCCII inherits much of the aesthetics of its predecessor, but with a brand-new cali...",Article Summary,Articles-Export-2025
When was the article 'MB&amp;F Proudly Presents A Pre-Baselworld Launch: The Legacy Machine No. 2 Titanium' published?,It was published on 2017-02-21 01:58:49.,Article Metadata,Articles-Export-2025
When was the article 'Richard Orlinski on Hublot' published?,It was published on 2018-07-02 12:03:22.,Article Metadata,Articles-Export-2025
Where is the Central Phuket Floresta boutique located?,"199 Central Phuket Floresta, 1st Floor Unit 107/1-107/2, Moo 4, Tambol Vichit District Muang, Phuket 83000 Thailand",Boutique Address,Boutique-Export-2025
What is the article 'Hublot Big Bang Unico Red Magic Now Available In 42mm' about?,"Hublot first released the provocative Big Bang Unico Red Magic back in 2018. At 45mm and in one of the most vibrant colours available, the Big Bang Unico Red Magic was undoubtedly the talk of the town...",Article Summary,Articles-Export-2025
What is the article 'Lamborghini on the Wrist - Roger Dubuis in 2019' about?,"High Complication Meets Aggressive Super Cars
Roger Dubuis makes watches that command your attention. The full force of a Roger Dubuis timepiece’s intricate and complex design is felt on impact, thei...",Article Summary,Articles-Export-2025
What is the article 'The Art and Craft of Guilloché' about?,"Ornamental Dials
When one thinks of a guilloché dial, an image of a highly ornamental and exclusive artwork immediately comes to mind. Also known as engine-turning, guilloché is an intimate craft of ...",Article Summary,Articles-Export-2025
When was the article 'Chasing Vipers in Besançon' published?,It was published on 2018-11-23 07:55:26.,Article Metadata,Articles-Export-2025
When was the article 'Hublot Welcomes FIFA World Cup Qatar 2022&#x2122; with the Hublot Loves Football Pop-Up at Pavilion Kuala Lumpur' published?,It was published on 2022-10-28 07:19:14.,Article Metadata,Articles-Export-2025
What is the article 'A Grand Seiko Pop-Up at Watches Of Switzerland NEX' about?,"Grand Seiko and Watches of Switzerland are pleased to invite you to discover Grand Seiko’s history, craftmanship and latest collections at our Watches of Switzerland NEX boutique from 15th to 26th Jul...",Article Summary,Articles-Export-2025
"When was the article 'Rolex Sky-Dweller, Master of Travel Time' published?",It was published on 2024-03-19 04:57:46.,Article Metadata,Articles-Export-2025
What is the article 'Comparing The Tudor Black Bay And Vintage Submariner' about?,"There’s no doubt that the Tudor Heritage Black Bay is a successful watch – and this success clearly comes from its inspiration: vintage Tudor Submariner watches, mainly the 1954 references 7922 and 79...",Article Summary,Articles-Export-2025
What is the article 'The Long And Short Of The Annual Calendar Chronograph' about?,"When thinking about calendar watches, people mainly focus on two different types: the complete calendar and the perpetual calendar. Strangely, most immediately think of the simplest and the most compl...",Article Summary,Articles-Export-2025
When was the article 'Girard-Perregaux Laureato Absolute Gold Fever' published?,It was published on 2021-11-15 11:55:03.,Article Metadata,Articles-Export-2025
When was the article 'A Quick Guide To The 2017 Patek Philippe Collection' published?,It was published on 2017-04-12 11:25:19.,Article Metadata,Articles-Export-2025
What is the article 'Hublot Big Bang e' about?,"Hublot introduces the Big Bang e. The 42 mm Big Bang e is Hublot’s latest Connected Watch, it follows in the footsteps of the 2018 Big Bang Referee Connected Watch. Available in either Black Ceramic o...",Article Summary,Articles-Export-2025
When was the article 'TAG Heuer Carrera Chronograph' published?,It was published on 2020-07-30 00:53:40.,Article Metadata,Articles-Export-2025
What is the article 'Watch Face-Lift: Changing Straps &amp; Bracelets' about?,"By far the easiest (and most fulfilling) way to breathe new life into a watch is by changing the strap. Timepieces can look remarkably different with the addition of a new strap, and the market is ful...",Article Summary,Articles-Export-2025
When was the article 'Exploring the F.P.Journe Manufacture &amp; It's Savoir Faire' published?,It was published on 2024-08-14 03:59:01.,Article Metadata,Articles-Export-2025
Where is the ION Orchard boutique located?,2 Orchard Turn #01-02 Singapore 238801,Boutique Address,Boutique-Export-2025
When was the article 'LVMH Watch Week 2025: The Art of Time Redefined by Zenith' published?,It was published on 2025-01-21 16:30:00.,Article Metadata,Articles-Export-2025
What is the article 'Exploring the Tudor Value Proposition' about?,"While the brand was originally conceived as a more affordable watch for someone who could not yet afford a Rolex, Tudor today has advanced to the cutting edge of affordable watchmaking. More adventuro...",Article Summary,Articles-Export-2025
Is Konstantin Chaykin available in Singapore?,"Yes, Konstantin Chaykin is available in Singapore.",Brand Availability,Brand-Export-2025
Is Glashütte Original available in Singapore?,"Yes, Glashütte Original is available in Singapore.",Brand Availability,Brand-Export-2025
When was the article 'BVLGARI Now at The Hour Glass Auckland' published?,It was published on 2021-06-22 03:07:21.,Article Metadata,Articles-Export-2025
When was the article 'Hublot's Year of Orlinksi' published?,It was published on 2018-12-13 00:27:31.,Article Metadata,Articles-Export-2025
What is the article 'Fast &amp; Furious - Why You Should Consider A Watch With A High-Frequency Movement' about?,"In a nutshell, high-frequency movements are more accurate than low-frequency ones simply because their oscillators divide time into smaller spans, giving rise to a higher resolution. It’s like watchin...",Article Summary,Articles-Export-2025
What is the article 'Sinn x The Hour Glass (Commemorative Edition)' about?,"We've partnered with German watchmaker, Sinn Spezialuhren, for our next Commemorative Edition. Released as part of the ongoing 'Then Now Beyond' campaign, in celebration of The Hour Glass turning 40. ...",Article Summary,Articles-Export-2025
When was the article 'ION Hublot Now Open' published?,It was published on 2021-08-04 21:02:57.,Article Metadata,Articles-Export-2025
What is the article 'Hands-on with the Girard-Perregaux Laureato Chronograph' about?,"The recently revived Girard-Perregaux Laureato is a powerful “new old” collection, headlined by the Laureato Chronograph, a challenger to the established luxury-sports offerings. Available in 38mm or ...",Article Summary,Articles-Export-2025
When was the article 'The Long And Short Of The Annual Calendar Chronograph' published?,It was published on 2016-02-25 19:40:27.,Article Metadata,Articles-Export-2025
When was the article 'Call for Submissions: F.P.Journe Young Talent Competition 2023' published?,It was published on 2022-06-14 05:55:31.,Article Metadata,Articles-Export-2025
When was the article 'Rolex New Watches 2020: Oyster Perpetual' published?,It was published on 2020-09-02 09:40:45.,Article Metadata,Articles-Export-2025
When was the article 'Fast &amp; Furious - Why You Should Consider A Watch With A High-Frequency Movement' published?,It was published on 2016-06-16 02:23:39.,Article Metadata,Articles-Export-2025
When was the article 'An interview with Jean-Claude Biver' published?,It was published on 2017-06-23 01:44:32.,Article Metadata,Articles-Export-2025
What is the article 'MB&F’s Legacy Machine Perpetual EVO now in icy blue' about?,"A deep dive into MB&amp;F’s newest Legacy Machine Perpetual EVO

The latest Legacy Machine Perpetual EVO boasts a bevy of innovative features, and MB&amp;F promises it as among the smoothest-wearing...",Article Summary,Articles-Export-2025
When was the article 'Top Picks From Only Watch 2017' published?,It was published on 2017-08-15 10:51:31.,Article Metadata,Articles-Export-2025
When was the article 'The Girard-Perregaux Laureato Chronograph Aston Martin Edition Blends Precision with Performance' published?,It was published on 2025-02-19 09:52:46.,Article Metadata,Articles-Export-2025
Where is the ICONSIAM boutique located?,"299 Charoennakhon Road, Khlong Ton Sai Unit LG 02-03, LG Floor ICONSIAM Bangkok 10600 Thailand",Boutique Address,Boutique-Export-2025
What is the article 'Tissot Launches the Seastar 2000 Professional' about?,"The Tissot family of dive watches welcomes a new, advanced, technical version, the Seastar 2000 Professional. Its profile ticks every box for a high-performance watch: water-resistant to 600 metres, h...",Article Summary,Articles-Export-2025
When was the article '4 Sci-Fi Watches Fit For A Superhero' published?,It was published on 2016-03-31 20:28:22.,Article Metadata,Articles-Export-2025
What is the article 'Nomos Tetra Neomatik: Celebrating 175 Years of Glashütte Watchmaking' about?,"Nomos celebrates 175 years of Glashütte Watchmaking with four colourful new models of the Tetra neomatik.


Tetra, But Different
Experimenting with colour is nothing new at Nomos. Until now, the T...",Article Summary,Articles-Export-2025
When was the article '5 Rules Of Watch Collecting For Beginners' published?,It was published on 2016-03-31 16:15:26.,Article Metadata,Articles-Export-2025
What is the article 'Taking Care Of Your Luxury Watch' about?,"Sales people for fine watches are amusingly known for the delicate way that they can sometimes handle a timepiece, with extreme caution and while using protective gloves. Is all that care necessary wh...",Article Summary,Articles-Export-2025
What is the article 'MB&amp;F - International Launch Of ARACHNOPHOBIA' about?,"[caption id=""attachment_7040"" align=""alignnone"" width=""300""] MBF Arachnophobia - a spider cum table clock cum wall clock.[/caption]

Yet another outstanding table clock created with L’Epée
MB&amp;F...",Article Summary,Articles-Export-2025
When was the article 'Zenith Explores Legacy Movements and Modern Materials' published?,It was published on 2025-04-01 13:13:56.,Article Metadata,Articles-Export-2025
Where is the Jewel Changi Airport boutique located?,78 Airport Boulevard #01-202 Singapore 819666,Boutique Address,Boutique-Export-2025
What is the article 'Nomos Glashütte Wins the GPHG Challenge Prize' about?,Nomos takes home the Challenge Prize with the Tangente neomatik 41 Update. Winning the prize in its first year. The Challenge Prize was introduced after the new Grand Prix d'Horlogerie de Genève Presi...,Article Summary,Articles-Export-2025
When was the article 'Celebrating 50 - Omega Speedmaster Exhibition at VivoCity' published?,It was published on 2019-07-15 10:35:29.,Article Metadata,Articles-Export-2025
What is the article 'MB&F HM11 ‘Architect’: Do You See a House or a Watch?' about?,"What if a house was a watch? MB&amp;F’s answer is the Horological Machine No11 Architect, complete with four individual rooms.

A famous Swiss architect by the name Le Corbusier once said, ""une mais...",Article Summary,Articles-Export-2025
What is the article 'Making Waves with the Breitling SuperOcean' about?,"Breitling released their first Superocean back in 1957. At the time, diving was becoming a recreational phenomenon and – as you might have guessed – the demand for a watch to adorn the underwater wris...",Article Summary,Articles-Export-2025
What is the article 'Hublot Proudly Presents The Spirit Of Big Bang Celebrating 75 Years Of Bruce Lee's Spirit' about?,"A limited edition timepiece and a memorial exhibition to praise a legend.
2015 is a special year. It is Bruce Lee's 75th birthday anniversary celebration. To commemorate the martial artist and his ex...",Article Summary,Articles-Export-2025
When was the article 'TAG Heuer &amp; Red Bull Racing' published?,It was published on 2019-03-08 05:43:44.,Article Metadata,Articles-Export-2025
What is the article 'MB&amp;F LM FlyingT Red Gold &amp; Platinum' about?,MB&amp;F unveils two new variations of the Legacy Machine FlyingT: 18k red gold case with black guilloché dial (Night) and a platinum 950 case variant with sky-blue guilloché dial (Day). Limited to 36...,Article Summary,Articles-Export-2025
When was the article 'LVMH Watch Week 2024: Bulgari Highlights ‘Time is Gold’' published?,It was published on 2024-01-29 13:06:45.,Article Metadata,Articles-Export-2025
When was the article 'Girard-Perregaux Presents The Laureato Absolute Ti 230' published?,It was published on 2021-08-11 05:31:22.,Article Metadata,Articles-Export-2025
When was the article 'Samuel Ross Visits Hublot' published?,It was published on 2020-02-20 01:55:04.,Article Metadata,Articles-Export-2025
When was the article 'MB&amp;F Legacy Machine FlyingT Tiger Eye' published?,It was published on 2022-06-21 11:52:31.,Article Metadata,Articles-Export-2025
When was the article 'Hublot Presents the Classic Fusion 42mm Elements Special Edition for The Hour Glass' published?,It was published on 2022-03-03 10:50:54.,Article Metadata,Articles-Export-2025
When was the article 'The Hour Glass Partners with L’Epée 1839 at ART SG 2025' published?,It was published on 2025-01-03 14:15:15.,Article Metadata,Articles-Export-2025
What is the article 'Patek Philippe Twenty~4 Automatic – A Ladies Watch For All Occasions' about?,"Conforming to the ethos of the original collection, the Twenty~4 Automatic has been designed for the modern woman. And, true to its name, the Twenty~4 works for a multitude of occasions across the day...",Article Summary,Articles-Export-2025
What is the article 'Bourse de Commerce – Pinault Collection Opens in Paris' about?,"Last Saturday, the newly renovated Bourse de Commerce opened to the public. Once the home to the city's commodities exchange, the Belle Epoque rotunda has undergone a transformation of an unprecedente...",Article Summary,Articles-Export-2025
What is the article 'Back In Time With Piaget – Excellence in Heritage' about?,"Master of Ultra-Thin
Ultra-thin watchmaking has always been Piaget’s expertise. Since 1874, Georges­ Edouard Piaget had been supplying movements and movement components renowned for their fine workma...",Article Summary,Articles-Export-2025
When was the article 'Luxury Timepieces – Key to the Gates of the Eastern Empire (Pt. 2)' published?,It was published on 2020-01-16 06:25:11.,Article Metadata,Articles-Export-2025
What is the article 'Save the Date: ONLY WATCH Returns in 2023' about?,"The spectacular charity auction of unique watches, organised by Association Monégasque contres le Myopathies, will include over 62 lots for its 10th edition. The auction will take place at Geneva’s Pa...",Article Summary,Articles-Export-2025
What is the article 'Atomic Clocks in the Living Room - Urwerk's AMC' about?,"Last year, experimental Swiss watchmaker Urwerk stunned SIHH guests and onlookers with its cutting-edge release, the Atomic Master Clock, or AMC. Capturing the precision of an atomic clock, packaging ...",Article Summary,Articles-Export-2025
When was the article 'Up Close with the Voutilainen 217QRS Retrograde Date ‘The Hour Glass’' published?,It was published on 2018-08-22 10:34:21.,Article Metadata,Articles-Export-2025
When was the article 'THE DIVER'S DIVE WATCH: A COLLECTOR'S GUIDE TO THE TUDOR BLACK BAY 58' published?,It was published on 2025-08-22 04:06:32.,Article Metadata,Articles-Export-2025
When was the article 'Zenith Elite Classic' published?,It was published on 2020-07-21 12:26:48.,Article Metadata,Articles-Export-2025
What is the article 'Our Highlights from the Summer Watch Festival' about?,"From 15-21 August, Watches of Switzerland will be hosting the Summer Watch Festival at the Atrium on Level 1 of NEX. For one week only, we will be presenting a special selection of watches from 10 dif...",Article Summary,Articles-Export-2025
What is the phone number for Siam Paragon?,+66 2610 9828,Boutique Contact,Boutique-Export-2025
Which countries carry the brand Frederique Constant?,"Frederique Constant is available in: Singapore, New Zealand, Malaysia.",Brand Availability,Brand-Export-2025
What is the phone number for Mid Valley Megamall?,+60 3 2201 1683,Boutique Contact,Boutique-Export-2025
What is the article 'How Watchmaking Became Modern Art' about?,"The Evolution and Importance of the Ulysse Nardin Freak to Modern-Day Horology
From the dawn of watchmaking until the turn of the twenty-first century, necessity was very much the mother of invention...",Article Summary,Articles-Export-2025
What is the article 'Becoming Horological Art: My Transformational Experience' about?,What is it like being inside a painting of yourself with an Audemars Piguet Equation of Time on your wrist? Watch Connoisseur Gary Getz likens this transformational experience with the talented artist...,Article Summary,Articles-Export-2025
What is the article 'URWERK UR-100V Goes UltraViolet' about?,"The latest URWERK creation reinterprets the UR-100V in an ultraviolet purple, in an exploration of the limits and pushing the boundaries of the perceivable.


The Far End of Colour
Martin Frei tal...",Article Summary,Articles-Export-2025
When was the article 'Watches and Wonders 2023: Hublot Novelty Highlights' published?,It was published on 2023-04-12 02:27:01.,Article Metadata,Articles-Export-2025
What is the article 'NOMOS Glashütte x Doctors Without Borders 50th Anniversary' about?,"To celebrate 50 years of Doctors Without Borders international medical care, NOMOS Glashütte releases a new special edition watch produced in 2,021 pieces.

&nbsp;

[caption id=""attachment_157370""...",Article Summary,Articles-Export-2025
When was the article 'Atomos Watch Club on Community Building' published?,It was published on 2019-11-01 06:41:09.,Article Metadata,Articles-Export-2025
When was the article 'IWC Manufakturzentrum' published?,It was published on 2020-02-05 04:12:07.,Article Metadata,Articles-Export-2025
What is the article 'Audemars Piguet - Pioneering Complicated Women's Watches Part III' about?,"Jasmine Audemars
For over 140 years, Audemars Piguet has remained an independent and family-owned business. Throughout each era, the leaders have passed on the knowledge and expertise from their foun...",Article Summary,Articles-Export-2025
What is the article 'BVLGARI Now at The Hour Glass Auckland' about?,"BVLGARI in New Zealand: It brings us great pleasure to welcome BVLGARI to The Hour Glass Auckland.

Founded in Rome in 1884 by Sotirio Bulgari, the Italian brand rapidly established a reputation for...",Article Summary,Articles-Export-2025
What is the article 'Tools That All Watch Collectors Need' about?,If you enjoy watches there are at least a few accessories that you’ll need in order to complete your status as a true collector. Some of these tools are inexpensive must-haves while others are more ex...,Article Summary,Articles-Export-2025
What is the phone number for Pavilion Damansara Heights?,+60 3 2011 1628,Boutique Contact,Boutique-Export-2025
When was the article 'Urwerk Unveils the UR-100 GunMetal' published?,It was published on 2020-01-22 05:53:14.,Article Metadata,Articles-Export-2025
What is the article 'Discover the new Grand Seiko Hi-Beat 36000 GMT watch at Watches of Switzerland NEX' about?,"To celebrate the 55th anniversary of the 44GS, Grand Seiko launches a new Hi-Beat 36000 GMT watch with a titanium case. An Anniversary Limited Edition to discover in exclusivity at Watches of Switzerl...",Article Summary,Articles-Export-2025
When was the article 'Arnaud Nicholas on Time in Three Dimensions' published?,It was published on 2025-01-24 08:50:47.,Article Metadata,Articles-Export-2025
What is the article 'A Review Of The Patek Philippe Aquanaut Flyback Chronograph Ref.5968G' about?,"Earlier this year, Patek Philippe released two new iterations of its iconic Aquanaut Flyback Chronograph. True to the Aquanaut DNA, the two new references are imbued with understated sporty elegance a...",Article Summary,Articles-Export-2025
What is the article 'Hublot Unveils The New Big Bang Unico 42 mm' about?,"For a brand known for using bright blue Paraíba Tourmalines and yellow sapphire, it came as somewhat of a surprise when Hublot released six new Big Bang Unico 42 mm watches. Unlike some of their most ...",Article Summary,Articles-Export-2025
When was the article 'Malmaison: A Temple Of Luxury With A Soul' published?,It was published on 2014-11-26 03:09:14.,Article Metadata,Articles-Export-2025
When was the article 'Watch Face-Lift: Changing Straps &amp; Bracelets' published?,It was published on 2016-04-20 01:00:02.,Article Metadata,Articles-Export-2025
What is the article 'Take Off to the Skies with the Latest ZENITH Pilot Collection' about?,"The newest Pilot Automatic and Pilot Big Date Flyback in Zenith’s collection explore the realm of aviation watches in a modern context.


[gravityform id=""154"" title=""false"" description=""false"" aja...",Article Summary,Articles-Export-2025
Is Piaget available in Singapore?,"Yes, Piaget is available in Singapore.",Brand Availability,Brand-Export-2025
When was the article '3 Things To Know About The Tudor Pelagos' published?,It was published on 2016-01-08 10:45:19.,Article Metadata,Articles-Export-2025
What is the article 'Hublot Opens a Second Boutique in Kuala Lumpur' about?,"Hublot celebrates a long-awaited milestone – a second standalone boutique Kuala Lumpur. Overlooking Pavilion Kuala Lumpur’s central concourse, it flaunts the new design language of trans-avant-gardism...",Article Summary,Articles-Export-2025
When was the article 'De Bethune Presents: DB28 Kind Of Blue Tourbillon Meteorite' published?,It was published on 2017-03-13 06:54:50.,Article Metadata,Articles-Export-2025
What is the article 'The HSNY on Horological Education Pt.II' about?,"Update: Last month (February), we hosted the HSNY in Australia (for the first time). The interview below has been updated with photos of the event.

After a successful weekend of classes in Singapor...",Article Summary,Articles-Export-2025
What is the article 'Glashütte Original Channels the Sixties' about?,"Glashütte Watchmaking
When you hear the Glashütte name, you immediately think of fine watchmaking. The namesake brand of the small German town, Glashütte Original, exemplifies the creativity and qual...",Article Summary,Articles-Export-2025
When was the article 'Who Will Be The Van Gogh Of Watchmaking?' published?,It was published on 2016-06-21 03:39:14.,Article Metadata,Articles-Export-2025
When was the article 'GPHG Official Nomination Tour is in Kuala Lumpur' published?,It was published on 2023-09-21 02:59:11.,Article Metadata,Articles-Export-2025
What is the article 'A Look At F.P.Journe Tourbillon Souverain Vertical' about?,"François-Paul Journe has had a long fascination with the tourbillon. In 1983, his first self-made watch and movement was a pocket watch with a tourbillon regulator, double-barrel construction and a de...",Article Summary,Articles-Export-2025
When was the article 'Panerai and its Luminor Marina Reflects a Legacy of Refined Utility' published?,It was published on 2025-04-03 07:11:31.,Article Metadata,Articles-Export-2025
When was the article 'Bound To Please: The Jump Hours Is One Of The Coolest Complications Out There' published?,It was published on 2016-11-09 09:17:45.,Article Metadata,Articles-Export-2025
What is the phone number for Central Embassy?,+66 2160 5733,Boutique Contact,Boutique-Export-2025
What is the article 'The Hour Glass Limited Editions 2004-2015' about?,"As one of the world’s largest and most influential watch retailers, The Hour Glass has enjoyed the privilege of distinctive limited edition created exclusively for its stores. Here’s a look at some of...",Article Summary,Articles-Export-2025
When was the article 'Watches In Victorian Narrative Painting' published?,It was published on 2018-11-07 04:33:56.,Article Metadata,Articles-Export-2025
When was the article 'Watch Of The Month - TAG Heuer Carrera Calibre Heuer 01' published?,It was published on 2016-07-01 06:48:40.,Article Metadata,Articles-Export-2025
When was the article 'A New Classic from Louis Erard: the Le Régulateur Gravé Noir' published?,It was published on 2024-11-07 09:20:00.,Article Metadata,Articles-Export-2025
When was the article 'Ulysse Nardin's Marine Chronograph Annual Calendar: Perfecting The Art of Simplicity' published?,It was published on 2016-06-07 03:02:03.,Article Metadata,Articles-Export-2025
What is the article 'Girard-Perregaux The New Face of Tradition' about?,"[caption id=""attachment_4328"" align=""aligncenter"" width=""615""] A new generation of young watch masters pursue the tradition of watchmaking in Mexico[/caption]

The Young Masters of Girard-Perregaux ...",Article Summary,Articles-Export-2025
What is the article 'Bulgari's Avant-Garde GMT' about?,"Record-Breaking Wristwatches
The growing powerhouse of Bulgari has impressed again, with its fifth consecutive year of record-breaking wristwatches. The new Bulgari Octo Finissimo Chronograph GMT has...",Article Summary,Articles-Export-2025
When was the article 'Hublot Cooks Up a Storm with the Big Bang Unico Gourmet' published?,It was published on 2022-10-12 23:03:17.,Article Metadata,Articles-Export-2025
What is the phone number for Melbourne?,+61 3 9650 6988,Boutique Contact,Boutique-Export-2025
When was the article '3 Things To Know About Girard-Perregaux From Its CEO' published?,It was published on 2015-09-14 04:28:49.,Article Metadata,Articles-Export-2025
When was the article 'The Speedmaster’s Stellar Legacy' published?,It was published on 2018-07-05 09:48:11.,Article Metadata,Articles-Export-2025
When was the article 'Claphams Clock Museum' published?,It was published on 2020-02-27 04:55:41.,Article Metadata,Articles-Export-2025
When was the article 'Hublot Proud To Be The Official Timekeeper Of The Inaugural Global Legend Series (GLS) Match In Bangkok' published?,It was published on 2014-12-10 08:17:40.,Article Metadata,Articles-Export-2025
When was the article 'The Rebirth of the TAG Heuer Aquaracer' published?,It was published on 2021-07-15 02:28:04.,Article Metadata,Articles-Export-2025
Where is the Sydney boutique located?,147 King Street Sydney New South Wales 2000 Australia,Boutique Address,Boutique-Export-2025
When was the article 'The Iconic Three Gold Bridges Of Girard-Perregaux' published?,It was published on 2016-09-19 16:13:53.,Article Metadata,Articles-Export-2025
When was the article 'LVMH Watch Week 2025: TAG Heuer Celebrates Time and Design' published?,It was published on 2025-01-21 16:30:00.,Article Metadata,Articles-Export-2025
What is the article 'F.P. Journe: The Making Of A Legend' about?,"This is the story of arguably the greatest and most established independent watchmaker of our time, a true living legend of watchmaking whose name will go down with the greats that paved the way befor...",Article Summary,Articles-Export-2025
When was the article 'In Brief: IWC Da Vinci Collection' published?,It was published on 2022-08-04 07:22:40.,Article Metadata,Articles-Export-2025
What is the article 'TAG Heuer Celebrates New Ambassador Ryan Gosling' about?,"The Swiss luxury watchmaker hosted a private event in Beverly Hills celebrating Ryan Gosling as new global ambassador and revealing the new TAG Heuer Carrera Three Hands collection, the Hollywood star...",Article Summary,Articles-Export-2025
What is the article 'Ulysse Nardin's Latest Freak S Nomad is Supercharged with Guilloché' about?,"Ulysse Nardin raises the bar of horology with the Freak S Nomad, a spectacular mechanical tour de force that bridges avant-garde watchmaking and age-old artisanal craft. Discover the rest of our Watch...",Article Summary,Articles-Export-2025
When was the article 'NOMOS Field Guide - Part 2 Coffee in Kreuzberg' published?,It was published on 2019-09-17 04:00:37.,Article Metadata,Articles-Export-2025
When was the article 'Sinn Takes Flight with the Pilot 104 Commemorative Edition' published?,It was published on 2024-09-23 08:18:00.,Article Metadata,Articles-Export-2025
Is L'Epee available in Singapore?,"Yes, L'Epee is available in Singapore.",Brand Availability,Brand-Export-2025
When was the article '2020 TAG Heuer Carrera Chronograph' published?,It was published on 2020-10-02 04:09:10.,Article Metadata,Articles-Export-2025
When was the article 'Three Classic Chopard Watches to Consider' published?,It was published on 2020-02-24 05:00:14.,Article Metadata,Articles-Export-2025
What is the article 'Introducing: Le Régulateur Louis Erard x Label Noir' about?,"Louis Erard collaborates with Label Noir to release a new regulator watch. This latest release has Louis Erard’s Le Régulateur as the canvas for a study in black, punctuated by sparks of acid green.
...",Article Summary,Articles-Export-2025
When was the article 'IWC Launches App With Virtual Watch Try-On' published?,It was published on 2021-05-24 01:22:23.,Article Metadata,Articles-Export-2025
What is the phone number for Melbourne?,+61 3 9989 0988,Boutique Contact,Boutique-Export-2025
What is the phone number for Auckland?,+64 9 303 2839,Boutique Contact,Boutique-Export-2025
What is the article 'Rolex Mentor Protégé Arts Initiative' about?,"20 YEARS OF MENTORING THE
GREAT ARTISTS OF TOMORROW
Rolex is celebrating 20 years of the Rolex Mentor and Protégé Arts Initiative, part of the brand’s longstanding commitment to global arts and cult...",Article Summary,Articles-Export-2025
When was the article 'Ulysse Nardin Freak Razzle Dazzle' published?,It was published on 2021-05-09 11:59:20.,Article Metadata,Articles-Export-2025
What is the article 'Blued Steel - Art And Science' about?,"Haute horlogerie is chock-full of little details that the untrained eye as well as the expert can appreciate. One such feature we tend to overlook, and dare I say, sometimes take for granted, is blued...",Article Summary,Articles-Export-2025
When was the article 'Audemars Piguet - Pioneering Complicated Women's Watches Part II' published?,It was published on 2018-10-12 05:22:02.,Article Metadata,Articles-Export-2025
What is the article 'Weekend Reading - Treatise on Modern Horology' about?,It’s easy to forget that sometimes – especially when it comes to an old profession such as watchmaking – the best information can be found by hitting the books. Coming in at over 2 kgs and over 800 pa...,Article Summary,Articles-Export-2025
When was the article 'Bourse de Commerce – Pinault Collection Opens in Paris' published?,It was published on 2021-05-24 06:25:05.,Article Metadata,Articles-Export-2025
When was the article 'Cartier Pasha 42MM Skeleton Watch with Panther Decor' published?,It was published on 2015-07-27 11:41:41.,Article Metadata,Articles-Export-2025
What is the article 'GPHG Coming to Sydney &amp; Bangkok' about?,"Anyone familiar with Singapore can attest to its phenomenally strong watch culture. From Rolex, Patek Philippe, Audemars Piguet and Hublot to lesser-known independent watchmakers; Singaporeans love af...",Article Summary,Articles-Export-2025
When was the article 'Hublot Pops with the Big Bang Pop Art- An Exclusive Series Inspired by the Famous Art Movement' published?,It was published on 2014-02-24 03:12:16.,Article Metadata,Articles-Export-2025
What is the article 'Arts And Craft: 3 Patek Philippe Grand Complications With Hand-Engraving' about?,"Throughout the 20th century, the advent of industrialisation in watchmaking slowly rendered redundant an army of craftsmen who did one thing but that one thing superbly, whether it’s enamelling or eng...",Article Summary,Articles-Export-2025
When was the article 'Voyage into the World of Rolex' published?,It was published on 2022-12-15 05:44:25.,Article Metadata,Articles-Export-2025
When was the article 'Urwerk Harnesses The Sun With The UR-100 Electrum' published?,It was published on 2021-08-30 09:03:37.,Article Metadata,Articles-Export-2025
What is the article 'Cartier’s Latest Creations Reimagine its Icons' about?,"Cartier continues to delve into its archives for inspiration, with its newest creations tapping into much-loved classics and retell its heritage in a contemporary way.
Cartier Privé Tank Normale
The...",Article Summary,Articles-Export-2025
Is Junghans available in Singapore?,"Yes, Junghans is available in Singapore.",Brand Availability,Brand-Export-2025
When was the article 'PATEK PHILIPPE ANNUAL CALENDAR – REF. 4946R-001' published?,It was published on 2025-04-01 10:04:22.,Article Metadata,Articles-Export-2025
What is the article 'By The Book: Famous Watches As Described By The World’s Best Authors' about?,"Product placement is a fascinating – and lucrative – business, especially for motion pictures and television. Done tastefully, it is a win-win situation for advertisers, content creators and audiences...",Article Summary,Articles-Export-2025
What is the phone number for Pavilion KL?,+60 3 2148 8930,Boutique Contact,Boutique-Export-2025
What is the article 'Urwerk Harnesses The Sun With The UR-100 Electrum' about?,"Geneva Watch Days 2021: Urwerk unveils a new variant of the immensely popular UR-100, this time in Electrum. This 25-piece edition has a case made of an organic gold and palladium alloy, and will sure...",Article Summary,Articles-Export-2025
"When was the article 'Swiss Watches, Russian Elements &amp; Havana Dials' published?",It was published on 2018-09-03 12:00:13.,Article Metadata,Articles-Export-2025
What is the phone number for ICONSIAM?,+66 2288 0060,Boutique Contact,Boutique-Export-2025
What is the article 'ROLEX &amp; THE US OPEN' about?,"Rolex and Tennis		
			ROLEX &amp; THE US OPEN		
		The US Open is the final Grand Slam® tournament of the tennis season. As a privileged partner of the sport worldwide, Rolex has been associated with t...",Article Summary,Articles-Export-2025
What is the article 'Zenith Defy 21 'Carl Cox'' about?,"Earlier this year, Zenith introduced its newest Friend of the Brand, world-renowned DJ and producer Carl Cox. An undisputed living legend in electronic music and specifically “techno”, Carl Cox is cre...",Article Summary,Articles-Export-2025
What is the phone number for Crescent Mall?,+84 28 3711 5501,Boutique Contact,Boutique-Export-2025
When was the article 'Patek Philippe Advanced Research' published?,It was published on 2017-08-10 10:22:19.,Article Metadata,Articles-Export-2025
When was the article 'MB&F Legacy Machine Perpetual Now in Palladium' published?,It was published on 2021-09-14 12:02:17.,Article Metadata,Articles-Export-2025
What is the article '1 in 200 - Horological Legend Henry B. Fried' about?,With news of the Horological Society of New York coming to Singapore (for the first time!) as part of their travelling education series; now is as good a time as ever to talk about one of the true mod...,Article Summary,Articles-Export-2025
What is the article 'TAG Heuer’s Museum in Motion Exhibition' about?,"If there is one brand that could curate an interesting exhibition of their history, it's TAG Heuer. The Museum in Motion, a pop-up exhibit featuring a collection of heritage watches from the Swiss wat...",Article Summary,Articles-Export-2025
"When was the article 'Jean-Claude Biver Launches His Eponymous New Watch Brand, Biver Watches' published?",It was published on 2023-03-26 10:57:33.,Article Metadata,Articles-Export-2025
What is the article 'How Should A Watch Fit?' about?,"It might seem like a basic question, but a lot of new watch lovers aren’t always sure how to properly wear a watch. Perhaps more important are those people who incorrectly wear a watch and don’t even ...",Article Summary,Articles-Export-2025
When was the article 'Ulysse Nardin Diver Black Sea' published?,It was published on 2016-07-04 08:11:24.,Article Metadata,Articles-Export-2025
Is Sinn available in Malaysia?,"Yes, Sinn is available in Malaysia.",Brand Availability,Brand-Export-2025
When was the article 'The Rebirth Of The Retro Luxury Sports Watch' published?,It was published on 2017-02-21 09:32:11.,Article Metadata,Articles-Export-2025
When was the article 'A bejewelled time to celebrate International Women’s Day' published?,It was published on 2024-03-06 10:26:41.,Article Metadata,Articles-Export-2025
What is the article 'Discover the Citizen Caliber 0200 Exclusively at Watches of Switzerland' about?,"Watches of Switzerland is proud to introduce Citizen to its stable of brands. To celebrate, the new Citizen Caliber 0200 will be available exclusively at Watches of Switzerland NEX boutique in Singapo...",Article Summary,Articles-Export-2025
What is the phone number for L'atelier Boutique?,+66 2078 1548,Boutique Contact,Boutique-Export-2025
What is the article 'Lunch Time Symphony At One Raffles Place Lawn! Presented By Patek Philippe And The Hour Glass' about?,Patek Philippe and The Hour Glass proudly present the Lunch Time Symphony at the lush Zoysia lawn of the Raffles Place Park.  Patek Philippe and The Hour Glass have come together to present the series...,Article Summary,Articles-Export-2025
What is the article 'Record Breaking Mid-Pandemic Spring Auction Results' about?,"Wrapping up the Spring Watch Auction Season: Watch auction houses had a pandemic-defying spring auction season. With the leading watch auction houses – Christie's, Sotheby's and Philipps in Associatio...",Article Summary,Articles-Export-2025
When was the article 'Sinn 103 Ti Ar Pilot Chronograph' published?,It was published on 2022-04-28 07:48:37.,Article Metadata,Articles-Export-2025
What is the article 'Siren Call - Ahoi Neomatik Siren White From Nomos' about?,"The not-so-dangerous Nomos Ahoi Neomatik Siren White.

Alluring but dangerous. Although that may describe the mythological creatures which are said to have lured sailors to their deaths, this new ad...",Article Summary,Articles-Export-2025